,BIN,HouseNumber,StreetName,Borough,CBNo,WorkPermitNumber,AHV Permit Number,AHVPermitStatus,VarianceType,reasonforvariance,Variance Start Date-Time,Variance End Date-Time,Is_a_residence_within_200feet_of_the_site,Is_all_the_work_within_an_enclosed_building,Does_work_involve_full_or_partial_demolition,Does_any_of_the_work_involve_crane_use,Latitude,Longitude,Community Board,Council District,Census Tract,BBL,NTA
67185,1036465,375,PARK AVE,MANHATTAN,105,005260771,5250184,AHV PERMIT ISSUED,INITIAL,CONSTRUCTION ACTIVITIES WITH MINIMAL NOISE IMPACT,12/17/2021 06:00:00 PM,12/18/2021 06:00:00 AM,TRUE,TRUE,TRUE,FALSE,40.758786,-73.972801,5,4,100,1013070001,TURTLE BAY-EAST MIDTOWN
14354,3332219,604,CLINTON ST,BROOKLYN,306,000643591,7590935,AHV PERMIT ISSUED,RENEWAL,EMERGENCY WORK,11/10/2018 08:00:00 AM,11/10/2018 04:30:00 PM,TRUE,FALSE,FALSE,FALSE,40.675027,-74.00173,6,38,85,3005380001,CARROLL GARDENS-COLUMBIA STREET-RED HOOK
31208,1036152,122,EAST 42 ST,MANHATTAN,105,003848721,4935205,AHV PERMIT ISSUED,INITIAL,CONSTRUCTION ACTIVITIES WITH MINIMAL NOISE IMPACT,06/11/2021 12:00:00 AM,06/11/2021 07:00:00 AM,FALSE,FALSE,FALSE,FALSE,40.751601,-73.97645,5,4,80,1012960014,MURRAY HILL-KIPS BAY
43491,1015500,160,5 AVE,MANHATTAN,105,004646461,2787492,AHV PERMIT ISSUED,RENEWAL,PUBLIC SAFETY,08/18/2021 06:00:00 PM,08/19/2021 12:00:00 AM,TRUE,TRUE,FALSE,FALSE,40.740177,-73.990589,5,3,54,1008227507,HUDSON YARDS-CHELSEA-FLATIRON-UNION SQUARE
65224,4050410,95-25,QUEENS BLVD,QUEENS,406,005761631,5760157,AHV PERMIT ISSUED,RENEWAL,CONSTRUCTION ACTIVITIES WITH MINIMAL NOISE IMPACT,11/24/2021 06:00:00 PM,11/25/2021 02:00:00 AM,FALSE,TRUE,FALSE,FALSE,40.730605,-73.863635,6,29,71701,4020790001,REGO PARK
35776,1023449,881,7 AVE,MANHATTAN,105,005720821,3835340,AHV PERMIT ISSUED,INITIAL,PUBLIC SAFETY,08/26/2021 08:00:00 PM,08/27/2021 06:00:00 AM,TRUE,FALSE,FALSE,FALSE,40.764941,-73.980445,5,4,137,1010090001,MIDTOWN-MIDTOWN SOUTH
20676,2009540,459,EAST 176 ST,BRONX,206,003048171,7525131,AHV PERMIT ISSUED,RENEWAL,PUBLIC SAFETY,03/12/2021 06:00:00 PM,03/12/2021 11:59:00 PM,TRUE,FALSE,FALSE,FALSE,40.846162,-73.899264,6,15,395,2029090032,CLAREMONT-BATHGATE
19319,1035053,730,5 AVE,MANHATTAN,105,004482511004372321004465661,9482968,AHV PERMIT ISSUED,INITIAL,PUBLIC SAFETY,04/05/2021 06:00:00 PM,04/06/2021 02:00:00 AM,TRUE,TRUE,FALSE,FALSE,40.762635,-73.974222,5,4,11201,1012727503,MIDTOWN-MIDTOWN SOUTH
31261,3335796,292,KENT AVE,BROOKLYN,301,002529531,1635294,AHV PERMIT ISSUED,INITIAL,CONSTRUCTION ACTIVITIES WITH MINIMAL NOISE IMPACT,06/09/2021 06:00:00 AM,06/09/2021 07:00:00 AM,TRUE,FALSE,FALSE,TRUE,40.714616,-73.966839,1,33,551,3024140025,NORTH SIDE-SOUTH SIDE
61855,1000005,1,NEW YORK PLZ,MANHATTAN,101,005106721005107041,5980175,AHV PERMIT ISSUED,RENEWAL,PUBLIC SAFETY,12/10/2021 06:00:00 PM,12/11/2021 02:00:00 AM,TRUE,TRUE,FALSE,FALSE,40.70254,-74.012562,1,1,9,1000047501,BATTERY PARK CITY-LOWER MANHATTAN
50513,3343595,1255,PENNSYLVANIA AVE,BROOKLYN,305,004949211,2800356,AHV PERMIT ISSUED,INITIAL,CONSTRUCTION ACTIVITIES WITH MINIMAL NOISE IMPACT,10/16/2021 09:00:00 AM,10/17/2021 05:00:00 AM,TRUE,FALSE,FALSE,FALSE,40.650014,-73.88415,5,42,105801,3044520085,STARRETT CITY
21147,1026318,10,COLUMBUS CIR,MANHATTAN,104,1408998380100345877114089984701003459271,7155931,AHV PERMIT ISSUED,INITIAL,CONSTRUCTION ACTIVITIES WITH MINIMAL NOISE IMPACT,04/03/2021 08:00:00 AM,04/03/2021 05:00:00 PM,TRUE,TRUE,FALSE,FALSE,40.768244,-73.982339,4,3,145,1010497501,LINCOLN SQUARE
35275,1085735,200,PARK AVE,MANHATTAN,105,004485831,4216497,AHV PERMIT ISSUED,INITIAL,PUBLIC SAFETY,07/02/2021 06:00:00 PM,07/03/2021 02:00:00 AM,TRUE,TRUE,TRUE,FALSE,40.754162,-73.976557,5,4,92,1012809010,TURTLE BAY-EAST MIDTOWN
11481,1087119,1095,6 AVE,MANHATTAN,105,000880911,8502307,AHV PERMIT ISSUED,INITIAL,PUBLIC SAFETY,06/14/2019 06:00:00 PM,06/15/2019 06:00:00 AM,FALSE,FALSE,FALSE,FALSE,40.754688,-73.984241,5,4,113,1009947501,MIDTOWN-MIDTOWN SOUTH
3367,2128937,4215,PARK AVE,BRONX,206,00348080124027305701,2034737,AHV PERMIT ISSUED,INITIAL,EMERGENCY WORK,10/19/2020 12:00:00 AM,10/19/2020 06:59:00 AM,TRUE,FALSE,FALSE,FALSE,40.847864,-73.899225,6,15,379,2030277501,MOUNT HOPE
31507,1035071,9,WEST 57 ST,MANHATTAN,105,004720051,7639460,AHV PERMIT ISSUED,INITIAL,PUBLIC SAFETY,07/16/2021 06:00:00 PM,07/16/2021 07:59:00 PM,TRUE,FALSE,FALSE,FALSE,40.763255,-73.974633,5,4,11201,1012730022,MIDTOWN-MIDTOWN SOUTH
58057,1090216,412,WEST 15 ST,MANHATTAN,104,004618821004618971,5803510,AHV PERMIT ISSUED,INITIAL,CONSTRUCTION ACTIVITIES WITH MINIMAL NOISE IMPACT,11/27/2021 07:00:00 AM,11/27/2021 05:00:00 PM,TRUE,TRUE,FALSE,FALSE,40.74198,-74.005687,4,3,83,1007120042,HUDSON YARDS-CHELSEA-FLATIRON-UNION SQUARE
16693,1022709,1271,6 AVE,MANHATTAN,105,004090451,6407962,AHV PERMIT ISSUED,INITIAL,PUBLIC SAFETY,12/29/2020 06:00:00 PM,12/29/2020 11:59:00 PM,TRUE,TRUE,FALSE,FALSE,40.760289,-73.980157,5,4,131,1010030029,MIDTOWN-MIDTOWN SOUTH
55270,1030519,2099,BROADWAY,MANHATTAN,107,005036091,2882523,AHV PERMIT ISSUED,INITIAL,CONSTRUCTION ACTIVITIES WITH MINIMAL NOISE IMPACT,10/06/2021 06:00:00 PM,10/07/2021 02:00:00 AM,TRUE,TRUE,FALSE,FALSE,40.77947,-73.981888,7,6,159,1011640037,LINCOLN SQUARE
18993,1015500,160,5 AVE,MANHATTAN,105,004646461,5866162,AHV PERMIT ISSUED,INITIAL,PUBLIC SAFETY,05/11/2021 08:01:00 PM,05/12/2021 12:00:00 AM,TRUE,TRUE,FALSE,FALSE,40.740177,-73.990589,5,3,54,1008227507,HUDSON YARDS-CHELSEA-FLATIRON-UNION SQUARE
23711,3257043,31,FLEET WALK,BROOKLYN,302,003727561003721841003727621,8626603,AHV PERMIT ISSUED,RENEWAL,PUBLIC SAFETY,05/02/2021 08:00:00 AM,05/02/2021 06:00:00 PM,TRUE,FALSE,FALSE,FALSE,40.695002,-73.981435,2,35,15,3020500001,DUMBO-VINEGAR HILL-DOWNTOWN BROOKLYN-BOERUM HILL
4297,1090825,10,VANDERBILT AVE,MANHATTAN,105,0032750611237777060112377770602,8466700,AHV PERMIT ISSUED,RENEWAL,PUBLIC SAFETY,12/06/2020 07:00:00 AM,12/06/2020 06:00:00 PM,TRUE,TRUE,FALSE,FALSE,40.752732,-73.978138,5,4,94,1012770027,MIDTOWN-MIDTOWN SOUTH
24296,1035727,520,MADISON AVE,MANHATTAN,105,004962481,3563865,AHV PERMIT ISSUED,INITIAL,PUBLIC SAFETY,04/29/2021 06:00:00 PM,04/30/2021 12:00:00 AM,FALSE,TRUE,TRUE,FALSE,40.760107,-73.974768,5,4,102,1012890014,MIDTOWN-MIDTOWN SOUTH
31242,1087143,149,EAST 125 ST,MANHATTAN,111,005444221,2108549,AHV PERMIT ISSUED,INITIAL,CONSTRUCTION ACTIVITIES WITH MINIMAL NOISE IMPACT,07/06/2021 06:00:00 PM,07/06/2021 10:00:00 PM,TRUE,TRUE,FALSE,FALSE,40.804217,-73.937019,11,9,196,1017747501,EAST HARLEM NORTH
17078,1034484,580,5 AVE,MANHATTAN,105,003938631,2819627,AHV PERMIT ISSUED,INITIAL,EMERGENCY WORK,01/09/2021 08:00:00 AM,01/09/2021 05:00:00 PM,TRUE,TRUE,FALSE,FALSE,40.756959,-73.979025,5,4,96,1012630034,MIDTOWN-MIDTOWN SOUTH
23536,1083869,55,EAST 52 ST,MANHATTAN,105,004480581,9462771,APPROVED,INITIAL,PUBLIC SAFETY,05/19/2021 06:00:00 PM,05/20/2021 02:00:00 AM,FALSE,TRUE,FALSE,FALSE,40.758828,-73.973978,5,4,102,1012880027,MIDTOWN-MIDTOWN SOUTH
31687,4224410,204-11,HILLSIDE AVE,QUEENS,408,004699961,2588724,AHV PERMIT ISSUED,INITIAL,EMERGENCY WORK,07/08/2021 06:00:00 PM,07/08/2021 11:00:00 PM,FALSE,TRUE,FALSE,FALSE,40.720406,-73.760959,8,23,478,4105330001,JAMAICA ESTATES-HOLLISWOOD
13446,1076195,1601,BROADWAY,MANHATTAN,105,002116091,1006336,AHV PERMIT REJECTED,INITIAL,PUBLIC SAFETY,11/18/2019 06:00:00 PM,11/19/2019 07:00:00 AM,TRUE,TRUE,FALSE,FALSE,40.760375,-73.985189,5,3,125,1010200046,MIDTOWN-MIDTOWN SOUTH
5276,1035792,727,5 AVE,MANHATTAN,105,002170471,7225887,AHV PERMIT ISSUED,INITIAL,PUBLIC SAFETY,10/31/2019 09:00:00 PM,11/01/2019 06:00:00 AM,TRUE,FALSE,FALSE,FALSE,40.762569,-73.974247,5,4,11202,1012920069,MIDTOWN-MIDTOWN SOUTH
27135,1083860,45,ROCKEFELLER PLZ,MANHATTAN,105,004928781,3482241,AHV PERMIT REJECTED,INITIAL,CONSTRUCTION ACTIVITIES WITH MINIMAL NOISE IMPACT,06/19/2021 06:00:00 AM,06/19/2021 06:00:00 PM,FALSE,FALSE,FALSE,TRUE,40.759204,-73.978335,5,4,104,1012660001,MIDTOWN-MIDTOWN SOUTH
2283,1022709,1271,AVENUE OF THE AMERICAS,MANHATTAN,105,003441971003443101003443151,7117054,AHV PERMIT ISSUED,INITIAL,PUBLIC SAFETY,10/22/2020 06:00:00 PM,10/23/2020 07:00:00 AM,TRUE,TRUE,FALSE,FALSE,40.760289,-73.980157,5,4,131,1010030029,MIDTOWN-MIDTOWN SOUTH
55589,1034485,590,5 AVE,MANHATTAN,105,005858071,8915764,AHV PERMIT ISSUED,INITIAL,PUBLIC SAFETY,10/07/2021 06:00:00 PM,10/08/2021 02:00:00 AM,TRUE,TRUE,TRUE,FALSE,40.757066,-73.978285,5,4,96,1012630038,MIDTOWN-MIDTOWN SOUTH
58790,1007825,160,VARICK ST,MANHATTAN,102,004960161,5592182,AHV PERMIT ISSUED,INITIAL,PUBLIC SAFETY,11/13/2021 09:00:00 AM,11/13/2021 05:00:00 PM,TRUE,FALSE,FALSE,FALSE,40.726615,-74.005617,2,3,37,1005067501,SOHO-TRIBECA-CIVIC CENTER-LITTLE ITALY
34115,1035788,32,EAST 57 ST,MANHATTAN,105,005306811,1028947,AHV PERMIT ISSUED,INITIAL,PUBLIC SAFETY,06/23/2021 06:00:00 PM,06/24/2021 06:00:00 AM,TRUE,FALSE,FALSE,FALSE,40.762162,-73.972082,5,4,11202,1012920048,MIDTOWN-MIDTOWN SOUTH
13379,1080922,460,WEST 41 ST,MANHATTAN,104,000785131,9676886,AHV PERMIT ISSUED,INITIAL,PUBLIC SAFETY,03/16/2019 07:00:00 AM,03/16/2019 05:00:00 PM,TRUE,FALSE,FALSE,FALSE,40.758655,-73.995116,4,3,115,1010500001,CLINTON
62272,1046429,15,EAST 79 ST,MANHATTAN,108,004958701,5737327,AHV PERMIT ISSUED,RENEWAL,PUBLIC SAFETY,11/18/2021 06:00:00 PM,11/18/2021 09:00:00 PM,TRUE,TRUE,FALSE,FALSE,40.776701,-73.962991,8,4,142,1014910008,UPPER EAST SIDE-CARNEGIE HILL
48427,1000005,1,NEW YORK PLZ,MANHATTAN,101,005038241005041951,1716540,AHV PERMIT ISSUED,RENEWAL,PUBLIC SAFETY,09/29/2021 06:00:00 PM,09/30/2021 02:00:00 AM,TRUE,TRUE,FALSE,FALSE,40.70254,-74.012562,1,1,9,1000047501,BATTERY PARK CITY-LOWER MANHATTAN
66241,3201629,3117,AVENUE W,BROOKLYN,315,005905331005905291005905301,4844128,AHV PERMIT ISSUED,RENEWAL,CONSTRUCTION ACTIVITIES WITH MINIMAL NOISE IMPACT,12/17/2021 06:00:00 PM,12/17/2021 11:59:00 PM,TRUE,FALSE,FALSE,FALSE,40.596757,-73.933499,15,46,570,3073930001,SHEEPSHEAD BAY-GERRITSEN BEACH-MANHATTAN BEACH
40990,4059955,59-57,56 AVE,QUEENS,405,004854671,7797078,AHV PERMIT ISSUED,INITIAL,PUBLIC SAFETY,09/18/2021 08:00:00 AM,09/18/2021 05:00:00 PM,TRUE,FALSE,FALSE,FALSE,40.725282,-73.907196,5,30,531,4026880055,MASPETH
6314,3127746,275,WEBSTER AVE,BROOKLYN,314,000343581,1744091,AHV PERMIT ISSUED,INITIAL,PUBLIC SAFETY,04/21/2018 06:00:00 AM,04/21/2018 06:00:00 PM,TRUE,FALSE,FALSE,FALSE,40.632894,-73.970716,14,40,482,3054170058,FLATBUSH
40620,1016951,295,5 AVE,MANHATTAN,105,00318610100348205112384253801,6804259,AHV PERMIT ISSUED,RENEWAL,PUBLIC SAFETY,09/13/2021 06:00:00 PM,09/13/2021 11:00:00 PM,TRUE,TRUE,TRUE,FALSE,40.746333,-73.986084,5,4,74,1008600001,MIDTOWN-MIDTOWN SOUTH
61483,3401193,247,WILLIAMS AVE,BROOKLYN,305,005289841,5152437,AHV PERMIT ISSUED,INITIAL,PUBLIC SAFETY,11/06/2021 07:00:00 AM,11/06/2021 06:00:00 PM,TRUE,TRUE,FALSE,FALSE,40.669886,-73.899206,5,42,1134,3037510005,EAST NEW YORK (PENNSYLVANIA AVE)
28505,1090825,10,VANDERBILT AVE,MANHATTAN,105,004464801,7228946,AHV PERMIT ISSUED,INITIAL,PUBLIC SAFETY,05/28/2021 06:00:00 PM,05/29/2021 02:00:00 AM,FALSE,TRUE,FALSE,FALSE,40.752732,-73.978138,5,4,94,1012770027,MIDTOWN-MIDTOWN SOUTH
18544,1035328,475,5 AVE,MANHATTAN,105,004528431,5078354,AHV PERMIT ISSUED,INITIAL,PUBLIC SAFETY,02/09/2021 06:00:00 PM,02/10/2021 02:00:00 AM,TRUE,TRUE,TRUE,FALSE,40.752664,-73.98147,5,4,82,1012750069,MURRAY HILL-KIPS BAY
4893,1014387,1,PENN PLZ,MANHATTAN,105,001056721,1759889,AHV PERMIT ISSUED,INITIAL,PUBLIC SAFETY,04/04/2019 06:00:00 PM,04/05/2019 06:00:00 AM,TRUE,FALSE,FALSE,FALSE,40.751098,-73.992926,5,3,101,1007830070,MIDTOWN-MIDTOWN SOUTH
2041,1001026,120,BROADWAY,MANHATTAN,101,12384002201002851021002850561,3748493,AHV PERMIT REJECTED,INITIAL,PUBLIC SAFETY,09/25/2020 06:00:00 PM,09/26/2020 01:00:00 AM,TRUE,FALSE,FALSE,FALSE,40.708546,-74.011041,1,1,7,1000477501,BATTERY PARK CITY-LOWER MANHATTAN
22384,1036082,767,5 AVE,MANHATTAN,105,004838591,8591167,AHV PERMIT REJECTED,INITIAL,PUBLIC SAFETY,04/30/2021 06:00:00 PM,05/01/2021 02:00:00 AM,FALSE,TRUE,TRUE,FALSE,40.76402,-73.973189,5,4,11202,1012940001,MIDTOWN-MIDTOWN SOUTH
32924,1088582,510,MADISON AVE,MANHATTAN,105,005359381,7069016,AHV PERMIT ISSUED,INITIAL,PUBLIC SAFETY,07/09/2021 06:00:00 PM,07/10/2021 02:00:00 AM,TRUE,TRUE,TRUE,FALSE,40.759651,-73.974299,5,4,102,1012880056,MIDTOWN-MIDTOWN SOUTH
51148,1067567,2,HORATIO ST,MANHATTAN,102,005021671,6882799,AHV PERMIT REJECTED,INITIAL,CONSTRUCTION ACTIVITIES WITH MINIMAL NOISE IMPACT,10/16/2021 09:00:00 AM,10/16/2021 04:00:00 PM,TRUE,FALSE,FALSE,FALSE,40.738753,-74.002504,2,3,77,1006167501,WEST VILLAGE
37440,1080644,620,AVENUE OF THE AMERICAS,MANHATTAN,105,005382671005382631,8768704,AHV PERMIT REJECTED,INITIAL,PUBLIC SAFETY,07/23/2021 06:00:00 PM,07/24/2021 02:00:00 AM,TRUE,FALSE,FALSE,FALSE,40.740081,-73.994843,5,3,54,1008207505,HUDSON YARDS-CHELSEA-FLATIRON-UNION SQUARE
57493,5159763,365,BAY ST,STATEN ISLAND,501,004812471,9485823,AHV PERMIT ISSUED,RENEWAL,PUBLIC SAFETY,11/03/2021 06:00:00 AM,11/03/2021 07:00:00 AM,TRUE,TRUE,FALSE,FALSE,40.633326,-74.075253,1,49,21,5004880071,STAPLETON-ROSEBANK
54847,1071414,1166,AVENUE OF THE AMERICAS,MANHATTAN,105,005115781005116071005120101,9972260,AHV PERMIT ISSUED,INITIAL,PUBLIC SAFETY,10/12/2021 06:00:00 PM,10/13/2021 03:00:00 AM,TRUE,TRUE,FALSE,FALSE,40.757004,-73.982526,5,4,96,1012617501,MIDTOWN-MIDTOWN SOUTH
53749,1024686,3,TIMES SQ,MANHATTAN,105,005462311,6048780,AHV PERMIT ISSUED,INITIAL,CONSTRUCTION ACTIVITIES WITH MINIMAL NOISE IMPACT,10/06/2021 06:00:00 PM,10/06/2021 11:59:00 PM,TRUE,TRUE,TRUE,FALSE,40.756376,-73.986713,5,3,119,1010140033,MIDTOWN-MIDTOWN SOUTH
20324,3002108,16,COURT ST,BROOKLYN,302,004838681,1472993,AHV PERMIT ISSUED,INITIAL,CONSTRUCTION ACTIVITIES WITH MINIMAL NOISE IMPACT,05/05/2021 06:00:00 PM,05/06/2021 02:00:00 AM,TRUE,TRUE,TRUE,FALSE,40.693445,-73.990577,2,33,9,3002500044,BROOKLYN HEIGHTS-COBBLE HILL
58209,1080644,620,6 AVE,MANHATTAN,105,005960581005962151,5399383,AHV PERMIT ISSUED,INITIAL,PUBLIC SAFETY,10/30/2021 09:00:00 AM,10/30/2021 05:00:00 PM,TRUE,FALSE,FALSE,FALSE,40.740081,-73.994843,5,3,54,1008207505,HUDSON YARDS-CHELSEA-FLATIRON-UNION SQUARE
20315,1024877,1740,BROADWAY,MANHATTAN,105,004495851,1918086,AHV PERMIT ISSUED,RENEWAL,PUBLIC SAFETY,03/11/2021 06:00:00 PM,03/12/2021 03:00:00 AM,TRUE,TRUE,TRUE,FALSE,40.765098,-73.982095,5,4,137,1010270020,MIDTOWN-MIDTOWN SOUTH
32430,1034510,1290,AVENUE OF THE AMERICAS,MANHATTAN,105,005123401,2784994,AHV PERMIT ISSUED,RENEWAL,CITY CONSTRUCTION PROJECT,08/07/2021 08:00:00 AM,08/07/2021 08:00:00 PM,TRUE,TRUE,FALSE,FALSE,40.760857,-73.979717,5,4,104,1012670001,MIDTOWN-MIDTOWN SOUTH
29153,1083346,55,WATER ST,MANHATTAN,101,004918151004918511,1838561,AHV PERMIT REJECTED,INITIAL,CONSTRUCTION ACTIVITIES WITH MINIMAL NOISE IMPACT,05/25/2021 12:00:00 AM,05/25/2021 06:59:00 AM,FALSE,TRUE,FALSE,FALSE,40.703608,-74.009691,1,1,9,1000327501,BATTERY PARK CITY-LOWER MANHATTAN
50993,3257037,38,FLEET WALK,BROOKLYN,302,003254491003302351003523411,3113185,AHV PERMIT ISSUED,INITIAL,PUBLIC SAFETY,10/04/2021 06:00:00 PM,10/04/2021 11:59:00 PM,TRUE,FALSE,FALSE,FALSE,40.69469,-73.981735,2,35,15,3020500001,DUMBO-VINEGAR HILL-DOWNTOWN BROOKLYN-BOERUM HILL
41332,1076176,125,WEST 55 ST,MANHATTAN,105,005467301,8482173,AHV PERMIT ISSUED,INITIAL,PUBLIC SAFETY,08/04/2021 06:00:00 PM,08/05/2021 01:00:00 AM,TRUE,TRUE,TRUE,FALSE,40.763514,-73.979276,5,4,137,1010080019,MIDTOWN-MIDTOWN SOUTH
57098,3257035,60,FLEET WALK,BROOKLYN,302,003251791003253071003523381,5069556,AHV PERMIT ISSUED,INITIAL,PUBLIC SAFETY,10/23/2021 08:00:00 AM,10/23/2021 06:00:00 PM,TRUE,FALSE,FALSE,FALSE,40.694196,-73.981861,2,35,15,3020500001,DUMBO-VINEGAR HILL-DOWNTOWN BROOKLYN-BOERUM HILL
54646,1036151,125,PARK AVE,MANHATTAN,105,005789581005789751,3208412,AHV PERMIT ISSUED,INITIAL,PUBLIC SAFETY,10/13/2021 06:00:00 PM,10/14/2021 02:00:00 AM,TRUE,TRUE,TRUE,FALSE,40.751681,-73.977677,5,4,80,1012960001,MURRAY HILL-KIPS BAY
12160,1090825,10,VANDERBILT AVE,MANHATTAN,105,002467371,9246171,APPROVED,INITIAL,CONSTRUCTION ACTIVITIES WITH MINIMAL NOISE IMPACT,07/17/2020 06:00:00 PM,07/18/2020 02:00:00 AM,FALSE,TRUE,FALSE,FALSE,40.752732,-73.978138,5,4,94,1012770027,MIDTOWN-MIDTOWN SOUTH
56934,3257037,38,FLEET WALK,BROOKLYN,302,003254491003302351003523411,3195540,AHV PERMIT ISSUED,INITIAL,PUBLIC SAFETY,10/23/2021 08:00:00 AM,10/23/2021 06:00:00 PM,TRUE,FALSE,FALSE,FALSE,40.69469,-73.981735,2,35,15,3020500001,DUMBO-VINEGAR HILL-DOWNTOWN BROOKLYN-BOERUM HILL
48630,1034510,1290,AVENUE OF THE AMERICAS,MANHATTAN,105,005123931,6839016,AHV PERMIT ISSUED,INITIAL,UNDUE HARDSHIP,09/04/2021 06:00:00 AM,09/04/2021 05:00:00 PM,FALSE,TRUE,FALSE,FALSE,40.760857,-73.979717,5,4,104,1012670001,MIDTOWN-MIDTOWN SOUTH
33274,1082153,605,3 AVE,MANHATTAN,106,005380401,3249905,AHV PERMIT ISSUED,INITIAL,PUBLIC SAFETY,07/22/2021 10:00:00 PM,07/23/2021 02:00:00 AM,TRUE,TRUE,FALSE,FALSE,40.749076,-73.975682,6,4,88,1009200012,TURTLE BAY-EAST MIDTOWN
2459,4615628,28-07,JACKSON AVE,QUEENS,402,003239071,9535108,AHV PERMIT ISSUED,INITIAL,CONSTRUCTION ACTIVITIES WITH MINIMAL NOISE IMPACT,08/29/2020 07:00:00 AM,08/29/2020 03:30:00 PM,FALSE,TRUE,FALSE,FALSE,40.748434,-73.938768,2,26,19,4004200001,HUNTERS POINT-SUNNYSIDE-WEST MASPETH
9843,2092113,500,EAST 171 ST,BRONX,203,002172671,2527597,AHV PERMIT ISSUED,INITIAL,EMERGENCY WORK,11/27/2019 06:00:00 PM,11/27/2019 10:00:00 PM,TRUE,FALSE,FALSE,FALSE,40.837489,-73.902916,3,16,14702,2029110001,CLAREMONT-BATHGATE
13857,3332221,465,COLUMBIA ST,BROOKLYN,306,000638841,6504641,AHV PERMIT ISSUED,RENEWAL,PUBLIC SAFETY,07/20/2019 08:00:00 AM,07/20/2019 04:30:00 PM,TRUE,FALSE,FALSE,FALSE,40.676375,-74.006861,6,38,85,3005380001,CARROLL GARDENS-COLUMBIA STREET-RED HOOK
66713,1015732,260,5 AVE,MANHATTAN,105,005670411,2509042,AHV PERMIT REJECTED,INITIAL,PUBLIC SAFETY,12/17/2021 06:00:00 PM,12/17/2021 09:00:00 PM,TRUE,FALSE,TRUE,FALSE,40.745037,-73.987048,5,4,76,1008300042,MIDTOWN-MIDTOWN SOUTH
47694,1035380,545,5 AVE,MANHATTAN,105,005801381,3505098,AHV PERMIT ISSUED,RENEWAL,PUBLIC SAFETY,10/02/2021 08:00:00 AM,10/02/2021 04:00:00 PM,TRUE,TRUE,FALSE,FALSE,40.755164,-73.979188,5,4,94,1012790069,MIDTOWN-MIDTOWN SOUTH
3552,1035792,727,5 AVE,MANHATTAN,105,003542781,4575731,AHV PERMIT ISSUED,INITIAL,PUBLIC SAFETY,09/25/2020 10:00:00 PM,09/26/2020 06:00:00 AM,TRUE,FALSE,FALSE,FALSE,40.762569,-73.974247,5,4,11202,1012920069,MIDTOWN-MIDTOWN SOUTH
14304,3189511,2950,WEST 35 ST,BROOKLYN,313,000148751,7643510,AHV PERMIT ISSUED,INITIAL,CITY CONSTRUCTION PROJECT,03/17/2018 08:00:00 AM,03/17/2018 05:00:00 PM,TRUE,FALSE,FALSE,FALSE,40.573838,-74.000493,13,47,342,3070460022,SEAGATE-CONEY ISLAND
3754,1090825,10,VANDERBILT AVE,MANHATTAN,105,003336921,5210096,AHV PERMIT ISSUED,INITIAL,PUBLIC SAFETY,11/18/2020 06:00:00 PM,11/19/2020 12:00:00 AM,FALSE,TRUE,TRUE,FALSE,40.752732,-73.978138,5,4,94,1012770027,MIDTOWN-MIDTOWN SOUTH
44180,1080644,620,AVENUE OF THE AMERICAS,MANHATTAN,105,005382631005382671,8894348,AHV PERMIT ISSUED,RENEWAL,CONSTRUCTION ACTIVITIES WITH MINIMAL NOISE IMPACT,09/16/2021 06:00:00 PM,09/17/2021 02:00:00 AM,TRUE,TRUE,FALSE,FALSE,40.740081,-73.994843,5,3,54,1008207505,HUDSON YARDS-CHELSEA-FLATIRON-UNION SQUARE
64409,2092075,1451,WASHINGTON AVE,BRONX,203,004509461002173271002173231,4805529,AHV PERMIT ISSUED,INITIAL,PUBLIC SAFETY,11/29/2021 06:00:00 PM,11/29/2021 11:59:00 PM,TRUE,FALSE,FALSE,FALSE,40.836458,-73.904016,3,16,14702,2029020036,CLAREMONT-BATHGATE
38932,1010379,375,HUDSON ST,MANHATTAN,102,005423191,8031608,AHV PERMIT ISSUED,INITIAL,PUBLIC SAFETY,10/18/2021 06:00:00 PM,10/19/2021 07:00:00 AM,TRUE,TRUE,TRUE,FALSE,40.728435,-74.007151,2,3,37,1005990064,SOHO-TRIBECA-CIVIC CENTER-LITTLE ITALY
50013,1035403,390,MADISON AVE,MANHATTAN,105,005823281,3255248,AHV PERMIT ISSUED,INITIAL,PUBLIC SAFETY,09/16/2021 06:00:00 PM,09/17/2021 06:00:00 AM,TRUE,TRUE,FALSE,FALSE,40.755738,-73.977152,5,4,94,1012820017,MIDTOWN-MIDTOWN SOUTH
56904,1016047,452,5 AVE,MANHATTAN,105,005735531,2689247,AHV PERMIT ISSUED,RENEWAL,PUBLIC SAFETY,10/29/2021 06:00:00 PM,10/30/2021 02:00:00 AM,TRUE,TRUE,TRUE,FALSE,40.752335,-73.982416,5,4,84,1008410049,MIDTOWN-MIDTOWN SOUTH
35660,1036505,425,PARK AVE,MANHATTAN,105,14090633001002016461002055081,3985153,AHV PERMIT ISSUED,INITIAL,PUBLIC SAFETY,07/21/2021 06:00:00 PM,07/21/2021 11:59:00 PM,TRUE,FALSE,TRUE,FALSE,40.760512,-73.971541,5,4,100,1013100001,TURTLE BAY-EAST MIDTOWN
4409,1026318,10,COLUMBUS CIR,MANHATTAN,104,1237902820112379028202002315491002249531002102381,7408183,AHV PERMIT ISSUED,INITIAL,CONSTRUCTION ACTIVITIES WITH MINIMAL NOISE IMPACT,12/11/2020 06:00:00 PM,12/11/2020 10:00:00 PM,TRUE,TRUE,FALSE,FALSE,40.768244,-73.982339,4,3,145,1010497501,LINCOLN SQUARE
6338,1036156,405,LEXINGTON AVE,MANHATTAN,106,002431271,5216149,AHV PERMIT ISSUED,INITIAL,PUBLIC SAFETY,11/08/2019 06:00:00 PM,11/09/2019 07:00:00 AM,TRUE,FALSE,FALSE,FALSE,40.751823,-73.97576,6,4,92,1012970023,TURTLE BAY-EAST MIDTOWN
2940,3097755,2300,LINDEN BLVD,BROOKLYN,305,003950751,8026086,AHV PERMIT ISSUED,INITIAL,PUBLIC SAFETY,10/30/2020 09:00:00 PM,10/31/2020 07:00:00 AM,FALSE,TRUE,FALSE,FALSE,40.663888,-73.878265,5,42,1116,3043620001,EAST NEW YORK
4347,1090825,10,VANDERBILT AVE,MANHATTAN,105,003336921,9448602,AHV PERMIT ISSUED,RENEWAL,PUBLIC SAFETY,12/07/2020 06:00:00 PM,12/08/2020 12:00:00 AM,FALSE,TRUE,TRUE,FALSE,40.752732,-73.978138,5,4,94,1012770027,MIDTOWN-MIDTOWN SOUTH
10886,1012843,460,WEST 34 ST,MANHATTAN,104,002207631,5584758,AHV PERMIT ISSUED,INITIAL,PUBLIC SAFETY,11/21/2019 10:00:00 PM,11/22/2019 06:00:00 AM,TRUE,FALSE,FALSE,FALSE,40.754329,-73.998578,4,3,103,1007310001,HUDSON YARDS-CHELSEA-FLATIRON-UNION SQUARE
55097,1036465,375,PARK AVE,MANHATTAN,105,005260771,4795704,AHV PERMIT ISSUED,RENEWAL,CONSTRUCTION ACTIVITIES WITH MINIMAL NOISE IMPACT,11/10/2021 06:00:00 PM,11/11/2021 06:00:00 AM,TRUE,TRUE,TRUE,FALSE,40.758786,-73.972801,5,4,100,1013070001,TURTLE BAY-EAST MIDTOWN
25087,1000880,80,PINE ST,MANHATTAN,101,004848361,8631633,AHV PERMIT ISSUED,RENEWAL,PUBLIC SAFETY,07/07/2021 06:00:00 PM,07/07/2021 10:00:00 PM,TRUE,FALSE,FALSE,FALSE,40.705892,-74.007181,1,1,7,1000390012,BATTERY PARK CITY-LOWER MANHATTAN
16180,1022709,1271,AVENUE OF THE AMERICAS,MANHATTAN,105,002859831,5029296,AHV PERMIT REJECTED,INITIAL,PUBLIC SAFETY,03/27/2020 06:00:00 PM,03/28/2020 02:00:00 AM,TRUE,TRUE,TRUE,FALSE,40.760289,-73.980157,5,4,131,1010030029,MIDTOWN-MIDTOWN SOUTH
28093,1085682,151,WEST 42 ST,MANHATTAN,105,004823991004824061,3929678,AHV PERMIT ISSUED,INITIAL,PUBLIC SAFETY,06/01/2021 06:00:00 PM,06/02/2021 06:00:00 AM,TRUE,TRUE,FALSE,FALSE,40.755478,-73.985598,5,4,119,1009950005,MIDTOWN-MIDTOWN SOUTH
40156,1014948,155,WEST 23 ST,MANHATTAN,104,005324991005270971004920791004873831004864801,1061982,AHV PERMIT ISSUED,INITIAL,PUBLIC SAFETY,08/03/2021 06:00:00 PM,08/04/2021 02:00:00 AM,TRUE,TRUE,FALSE,FALSE,40.743556,-73.994323,4,3,91,1007990012,HUDSON YARDS-CHELSEA-FLATIRON-UNION SQUARE
9360,1014981,119,WEST 24 ST,MANHATTAN,104,002692101,5669213,AHV PERMIT ISSUED,INITIAL,PUBLIC SAFETY,01/04/2020 07:00:00 AM,01/04/2020 05:00:00 PM,TRUE,TRUE,TRUE,FALSE,40.74391,-73.993104,4,3,91,1008000025,HUDSON YARDS-CHELSEA-FLATIRON-UNION SQUARE
65536,1015175,11,PENNSYLVANIA PLZ,MANHATTAN,105,005591791,5844730,AHV PERMIT ISSUED,RENEWAL,CONSTRUCTION ACTIVITIES WITH MINIMAL NOISE IMPACT,11/23/2021 06:00:00 PM,11/24/2021 12:00:00 AM,TRUE,TRUE,TRUE,FALSE,40.749402,-73.991775,5,3,101,1008070001,MIDTOWN-MIDTOWN SOUTH
62815,1071414,1166,AVENUE OF THE AMERICAS,MANHATTAN,105,005115781005116071005120101,6605061,AHV PERMIT ISSUED,INITIAL,PUBLIC SAFETY,11/29/2021 06:00:00 PM,11/30/2021 03:00:00 AM,TRUE,TRUE,FALSE,FALSE,40.757004,-73.982526,5,4,96,1012617501,MIDTOWN-MIDTOWN SOUTH
